Practitioner NPI,Name,Organization NPI,Code,Specialty
520340232277,Dr. Seymour Bode,772462193126,provider,GENERAL PRACTICE
537477646987,Dr. Abel Mosciski,622263573475,provider,GENERAL PRACTICE
224630764593,Dr. Patria Rutherford,800481504791,provider,GENERAL PRACTICE
722532123483,Dr. Amos Jacobson,104507901941,provider,GENERAL PRACTICE
907230269954,Dr. Houston Schulist,163863794660,provider,GENERAL PRACTICE
949526525739,Dr. Jacob Senger,281265946657,provider,GENERAL PRACTICE
815191693626,Dr. Josh Stamm,686926368490,provider,GENERAL PRACTICE
145797993062,Dr. Leonel Upton,941268119078,provider,GENERAL PRACTICE
341408621510,Dr. Jannie Bahringer,525091699956,provider,GENERAL PRACTICE
519004729695,Dr. Roberto Peralta,896539674674,provider,GENERAL PRACTICE
182951447891,Dr. Jodie Wintheiser,333718820534,provider,GENERAL PRACTICE
988475938533,Dr. Marlon Jenkins,369963677622,provider,GENERAL PRACTICE
598107498961,Dr. Carrol Pollich,716879650048,provider,GENERAL PRACTICE
922693958635,Dr. Wilton Brown,265664410815,provider,GENERAL PRACTICE
645928604756,Dr. Waldo Cummerata,707056450633,provider,GENERAL PRACTICE
580914415300,Dr. Roscoe Hilll,903587716279,provider,GENERAL PRACTICE
723543894269,Dr. Eldora Denesik,819724569107,provider,GENERAL PRACTICE
120300649555,Dr. Annalisa Lebsack,867391455605,provider,GENERAL PRACTICE
721017194719,Dr. Frederick Kunde,985443798053,provider,GENERAL PRACTICE
749985270835,Dr. Jorge Luis Ruelas,473335455771,provider,GENERAL PRACTICE
438084872654,Dr. Teodora Kihn,227959922917,provider,GENERAL PRACTICE
613750725340,Dr. Juan Santiago,569616462472,provider,GENERAL PRACTICE
426911409594,Dr. Kit Gerhold,990728461764,provider,GENERAL PRACTICE
697358384272,Dr. Kathy Heller,784351539348,provider,GENERAL PRACTICE
958841915292,Dr. Zora Okuneva,812320826443,provider,GENERAL PRACTICE
894702207563,Dr. Nickie Stark,482367746648,provider,GENERAL PRACTICE
125518948529,Dr. Berta Trejo,904344511843,provider,GENERAL PRACTICE
779388558035,Dr. Karleen Stanton,880156238952,provider,GENERAL PRACTICE
554447962519,Dr. Robbie Shanahan,819467582826,provider,GENERAL PRACTICE
776142898720,Dr. Vicente Gómez,374044869896,provider,GENERAL PRACTICE
907423283103,Dr. Jesus Crona,118638248387,provider,GENERAL PRACTICE
387589674507,Dr. Jonah Heller,971926469513,provider,GENERAL PRACTICE
366890813388,Dr. Melvina Glover,450291767477,provider,GENERAL PRACTICE
625636624189,Dr. Margene Anderson,755668174280,provider,GENERAL PRACTICE
351897140637,Dr. Sun Ledner,104430466937,provider,GENERAL PRACTICE
390277165222,Dr. Hank Stroman,736058595406,provider,GENERAL PRACTICE
970684736446,Dr. Mitch Torphy,877774432901,provider,GENERAL PRACTICE
908550512136,Dr. Daren Nienow,428384433042,provider,GENERAL PRACTICE
797584844945,Dr. Caitlyn Medhurst,720126965267,provider,GENERAL PRACTICE
111061986989,Dr. Chia Jerde,568313864064,provider,GENERAL PRACTICE
944674234066,Dr. Ashley Wintheiser,151754573255,provider,GENERAL PRACTICE
252775706567,Dr. Milissa Mohr,270756241618,provider,GENERAL PRACTICE
310370265560,Dr. Dagny Wyman,530265780976,provider,GENERAL PRACTICE
362866845279,Dr. Jacobo Delacrúz,946285537170,provider,GENERAL PRACTICE
168921166718,Dr. Antione Reilly,461575145361,provider,GENERAL PRACTICE
388119459380,Dr. Augustine Bechtelar,652760783956,provider,GENERAL PRACTICE
990469174524,Dr. Elayne Renner,813097143739,provider,GENERAL PRACTICE
235984538974,Dr. Keneth Senger,668846485637,provider,GENERAL PRACTICE
725271820687,Dr. Adrian Murazik,508874331511,provider,GENERAL PRACTICE
195475114920,Dr. Terrell Fadel,220668416980,provider,GENERAL PRACTICE
945349401186,Dr. Rubén Anguiano,418300123345,provider,GENERAL PRACTICE
410950607993,Dr. Soon Stark,883065949585,provider,GENERAL PRACTICE
641247107554,Dr. Christena Dietrich,559982158350,provider,GENERAL PRACTICE
211727914281,Dr. Russell Welch,891015656535,provider,GENERAL PRACTICE
849801464300,Dr. Modesto Weissnat,529270103720,provider,GENERAL PRACTICE
111711173008,Dr. Kira Weissnat,927078143787,provider,GENERAL PRACTICE
925622383713,Dr. Corey Nitzsche,193308771266,provider,GENERAL PRACTICE
516416377730,Dr. Bambi Lubowitz,793865338251,provider,GENERAL PRACTICE
509983633948,Dr. Rebekah Wiza,325999654463,provider,GENERAL PRACTICE
830316865877,Dr. Marcelene Mayert,154481629775,provider,GENERAL PRACTICE
672425189358,Dr. Melynda Kerluke,346642159687,provider,GENERAL PRACTICE
715100608002,Dr. Mariana Escobar,824454459692,provider,GENERAL PRACTICE
712595778327,Dr. Salvador Moreno,770942112010,provider,GENERAL PRACTICE
967551498022,Dr. Tracy Spencer,710420153556,provider,GENERAL PRACTICE
304410356061,Dr. Freddy Wolf,759996151323,provider,GENERAL PRACTICE
284772666259,Dr. Sergio Hilpert,938451329205,provider,GENERAL PRACTICE
569365416755,Dr. Dionne Kutch,501160773079,provider,GENERAL PRACTICE
825845326822,Dr. Velva White,472350807934,provider,GENERAL PRACTICE
402981396897,Dr. Monica Feest,629644225588,provider,GENERAL PRACTICE
744325602130,Dr. Jorge Holguín,723858165576,provider,GENERAL PRACTICE
621850672161,Dr. Vance Weber,521674999111,provider,GENERAL PRACTICE
563582257606,Dr. Alphonso Morissette,890553689962,provider,GENERAL PRACTICE
455182140176,Dr. Glen Schuster,453435385489,provider,GENERAL PRACTICE
728485718322,Dr. Molly Macejkovic,589698521675,provider,GENERAL PRACTICE
768724294937,Dr. Margaret Herzog,309390522592,provider,GENERAL PRACTICE
456499433034,Dr. Guy Ledner,536123382108,provider,GENERAL PRACTICE
306573496954,Dr. Suk Koch,634702850951,provider,GENERAL PRACTICE
243929211798,Dr. Delmer Murazik,429890155577,provider,GENERAL PRACTICE
271593845422,Dr. Ida Lubowitz,534469506095,provider,GENERAL PRACTICE
811493410575,Dr. Juan Carlos Cazares,619331264518,provider,GENERAL PRACTICE
524188503566,Dr. Patrice Vandervort,577176626984,provider,GENERAL PRACTICE
823763682486,Dr. Agatha Bayer,378700645697,provider,GENERAL PRACTICE
109337707617,Dr. Velva Dickinson,704911349721,provider,GENERAL PRACTICE
182647127095,Dr. Man Kuhic,178751886335,provider,GENERAL PRACTICE
835732107754,Dr. Malinda Hermiston,174613723854,provider,GENERAL PRACTICE
350825268221,Dr. Sonny Marks,513439323091,provider,GENERAL PRACTICE
741336505055,Dr. Darrick Durgan,346946742800,provider,GENERAL PRACTICE
775005540804,Dr. Perry Grimes,719742173896,provider,GENERAL PRACTICE
616982994495,Dr. Foster Jerde,330977237866,provider,GENERAL PRACTICE
808086678482,Dr. Buddy Rice,775183797448,provider,GENERAL PRACTICE
806972273549,Dr. Deann Altenwerth,944073230371,provider,GENERAL PRACTICE
646025508275,Dr. Olive Pollich,973170159986,provider,GENERAL PRACTICE
522433973788,Dr. Vicki Moore,886516754650,provider,GENERAL PRACTICE
316466254425,Dr. Thurman Bogisich,802953681670,provider,GENERAL PRACTICE
582612377612,Dr. Shavon Morar,106091169123,provider,GENERAL PRACTICE
296833919426,Dr. Jewell Christiansen,570698938039,provider,GENERAL PRACTICE
838834871800,Dr. Andrea Hirthe,611319656236,provider,GENERAL PRACTICE
910906274575,Dr. Carl Halvorson,783997211982,provider,GENERAL PRACTICE
382615921355,Dr. Eldon Hilpert,747565580653,provider,GENERAL PRACTICE
164815432170,Dr. Kraig Cruickshank,207918544167,provider,GENERAL PRACTICE
967668310578,Dr. Fred Jerde,482051439131,provider,GENERAL PRACTICE
314717423802,Dr. Tricia Dach,176056772221,provider,GENERAL PRACTICE
674049379194,Dr. Lezlie Ferry,305570792382,provider,GENERAL PRACTICE
106251242777,Dr. Ivory Cruickshank,511477549110,provider,GENERAL PRACTICE
244951307992,Dr. Evelina Gaylord,588274953805,provider,GENERAL PRACTICE
454729483676,Dr. Lanny Schowalter,547983903454,provider,GENERAL PRACTICE
129860777132,Dr. Andrew Flatley,921549658935,provider,GENERAL PRACTICE
565442509356,Dr. Tanner McLaughlin,799534601248,provider,GENERAL PRACTICE
705515636823,Dr. Louis Cruickshank,836720402445,provider,GENERAL PRACTICE
717672123344,Dr. Gaylord Fadel,453524834978,provider,GENERAL PRACTICE
431379691514,Dr. Sindy Boyer,109807660479,provider,GENERAL PRACTICE
136235216442,Dr. Seema Beer,932076688619,provider,GENERAL PRACTICE
149534200529,Dr. Elina Reichert,638556239707,provider,GENERAL PRACTICE
185686628914,Dr. Lesley Schinner,831415245556,provider,GENERAL PRACTICE
205606647049,Dr. Nanette Legros,849981498340,provider,GENERAL PRACTICE
822523184185,Dr. Dewayne Bauch,827678569721,provider,GENERAL PRACTICE
348954576227,Dr. Cruz Herzog,312319729310,provider,GENERAL PRACTICE
720097696638,Dr. Billy Champlin,282379669159,provider,GENERAL PRACTICE
911929260700,Dr. Luna Lindgren,311056349743,provider,GENERAL PRACTICE
285259446989,Dr. Robbie Friesen,557556153464,provider,GENERAL PRACTICE
944248605265,Dr. Bryant Rempel,962051747852,provider,GENERAL PRACTICE
473043105061,Dr. Shirley Brakus,722250515417,provider,GENERAL PRACTICE
356586697276,Dr. Dominique Olson,407742846142,provider,GENERAL PRACTICE
993499529750,Dr. Audra Legros,219429425274,provider,GENERAL PRACTICE
342097984779,Dr. Arlette Quitzon,491342712605,provider,GENERAL PRACTICE
459091512943,Dr. Craig Kris,993710127800,provider,GENERAL PRACTICE
560815941203,Dr. France Carter,393527960951,provider,GENERAL PRACTICE
156122184132,Dr. Lorenzo Wehner,890695931466,provider,GENERAL PRACTICE
268527873130,Dr. Gertrudis Cummings,790292808662,provider,GENERAL PRACTICE
999122101159,Dr. Milagros Crist,394667326796,provider,GENERAL PRACTICE
330201793352,Dr. Gloria Parker,205124628478,provider,GENERAL PRACTICE
924403391212,Dr. Donny Mann,447882166127,provider,GENERAL PRACTICE
409860231429,Dr. Lindy Hickle,165456623987,provider,GENERAL PRACTICE
767783957938,Dr. Gregory Gusikowski,286355258201,provider,GENERAL PRACTICE
611607977332,Dr. Bettina Osinski,121848419749,provider,GENERAL PRACTICE
976319740880,Dr. Pilar Cantú,779751977265,provider,GENERAL PRACTICE
738858632004,Dr. Denver Beahan,871659673340,provider,GENERAL PRACTICE
683287682949,Dr. Greg Connelly,780250585787,provider,GENERAL PRACTICE
951879676918,Dr. Elfrieda Wintheiser,492972812070,provider,GENERAL PRACTICE
642838194908,Dr. Donald Bayer,675067449708,provider,GENERAL PRACTICE
339595334750,Dr. Benito Garrido,653370777501,provider,GENERAL PRACTICE
684016366883,Dr. Lucilla Bayer,930332730089,provider,GENERAL PRACTICE
463404613974,Dr. Tad Kuphal,687077477958,provider,GENERAL PRACTICE
728703811861,Dr. Markus Hane,731018481486,provider,GENERAL PRACTICE
333688490196,Dr. Tyson Goodwin,904390323125,provider,GENERAL PRACTICE
800660598510,Dr. Rosy Volkman,426552695636,provider,GENERAL PRACTICE
735704192762,Dr. Meridith Ernser,805331690163,provider,GENERAL PRACTICE
341493366482,Dr. Laure Casper,366576753816,provider,GENERAL PRACTICE
152335143984,Dr. Austin Schneider,492018414198,provider,GENERAL PRACTICE
949834773116,Dr. Van Franecki,902359483861,provider,GENERAL PRACTICE
529039409105,Dr. Carolyn Balistreri,877602264880,provider,GENERAL PRACTICE
925850982981,Dr. Lucila Schulist,857206686820,provider,GENERAL PRACTICE
163897438977,Dr. Keven Mueller,138081320105,provider,GENERAL PRACTICE
802007632810,Dr. Adeline Pacocha,490308110487,provider,GENERAL PRACTICE
806739648817,Dr. Tracee Fay,779760999260,provider,GENERAL PRACTICE
618501827619,Dr. Virgen Hilll,762429536672,provider,GENERAL PRACTICE
222680718401,Dr. Kristen Goyette,187282841291,provider,GENERAL PRACTICE
206057466562,Dr. Arlen Greenholt,840979933060,provider,GENERAL PRACTICE
242570804321,Dr. Fritz Conroy,224244358148,provider,GENERAL PRACTICE
816092143226,Dr. Andreas Metz,114812169231,provider,GENERAL PRACTICE
567460896311,Dr. Leslie Oberbrunner,825269842927,provider,GENERAL PRACTICE
888973591242,Dr. Nikole Hackett,109257248332,provider,GENERAL PRACTICE
460227410017,Dr. Garry Witting,348044906340,provider,GENERAL PRACTICE
242398181740,Dr. Gia Feest,342473355262,provider,GENERAL PRACTICE
107891843118,Dr. Benedict Ziemann,874759295132,provider,GENERAL PRACTICE
695346864476,Dr. Genia Considine,669071515622,provider,GENERAL PRACTICE
879785259355,Dr. Alejandro Gaytán,782929791134,provider,GENERAL PRACTICE
361138651632,Dr. Bong Franecki,874035869222,provider,GENERAL PRACTICE
602257348486,Dr. Tomiko Larson,393615335664,provider,GENERAL PRACTICE
856807509122,Dr. Mi Watsica,310139850202,provider,GENERAL PRACTICE
437652222373,Dr. Booker Williamson,583530154910,provider,GENERAL PRACTICE
185033938759,Dr. Shane Brakus,474821982446,provider,GENERAL PRACTICE
750342799520,Dr. Marianela Lehner,871819355820,provider,GENERAL PRACTICE
641317660126,Dr. Marta Schneider,991212742691,provider,GENERAL PRACTICE
476483276494,Dr. Regena Kunde,627621558178,provider,GENERAL PRACTICE
160706445551,Dr. Drew Kessler,875751338286,provider,GENERAL PRACTICE
682545978290,Dr. Joe Wisoky,282244830961,provider,GENERAL PRACTICE
143221514226,Dr. India Witting,664944782220,provider,GENERAL PRACTICE
966615634129,Dr. Cheryll McKenzie,680542889235,provider,GENERAL PRACTICE
886925769493,Dr. Rick Parisian,306538751360,provider,GENERAL PRACTICE
890630690822,Dr. Lauri Beatty,693618320909,provider,GENERAL PRACTICE
783600249020,Dr. Brendon Hyatt,517651819823,provider,GENERAL PRACTICE
834492306741,Dr. Chasidy Prosacco,383858418364,provider,GENERAL PRACTICE
823583894686,Dr. Tera Tromp,129697743713,provider,GENERAL PRACTICE
261949410224,Dr. Sylvie Upton,109699462776,provider,GENERAL PRACTICE
997255726724,Dr. Rasheeda Brekke,756684780106,provider,GENERAL PRACTICE
693614181683,Dr. Alden Donnelly,896091850667,provider,GENERAL PRACTICE
141647557283,Dr. Florencio Wilkinson,926019155216,provider,GENERAL PRACTICE
617775670006,Dr. Denisse Schulist,341002855655,provider,GENERAL PRACTICE
461353610570,Dr. Issac O'Reilly,115163641787,provider,GENERAL PRACTICE
306573303522,Dr. Jerrod Carter,957987718060,provider,GENERAL PRACTICE
175689346067,Dr. Harris Blanda,336855820482,provider,GENERAL PRACTICE
730551758367,Dr. Fermin Dickinson,393038862853,provider,GENERAL PRACTICE
804093212503,Dr. Omar DuBuque,283381106834,provider,GENERAL PRACTICE
916789247486,Dr. Man Torp,716622112931,provider,GENERAL PRACTICE
933164449599,Dr. Tenisha Swaniawski,252484665589,provider,GENERAL PRACTICE
633878973441,Dr. Melita Welch,171770484754,provider,GENERAL PRACTICE
304248744431,Dr. Jacob Kshlerin,296055242378,provider,GENERAL PRACTICE
200339552246,Dr. Nathan Friesen,329877277607,provider,GENERAL PRACTICE
328059873816,Dr. Iona Block,999832523260,provider,GENERAL PRACTICE
224153965130,Dr. Walton Schmidt,310743176988,provider,GENERAL PRACTICE
399582344656,Dr. Trina Cummings,472570401386,provider,GENERAL PRACTICE
992090720858,Dr. Linnie Purdy,924850699166,provider,GENERAL PRACTICE
579377456799,Dr. Chase Bergnaum,150237286587,provider,GENERAL PRACTICE
186143456114,Dr. Giselle Swift,412039814663,provider,GENERAL PRACTICE
112676362628,Dr. Jeffery Schaefer,364517640640,provider,GENERAL PRACTICE
820979300442,Dr. Megan Schmitt,870296784869,provider,GENERAL PRACTICE
348354710168,Dr. Virgina Oberbrunner,187208325110,provider,GENERAL PRACTICE
819827932677,Dr. Kelley Hintz,659914696394,provider,GENERAL PRACTICE
359361365635,Dr. Masako Beier,450427857265,provider,GENERAL PRACTICE
534592915307,Dr. Moira Huels,547287796043,provider,GENERAL PRACTICE
712560780563,Dr. Leeann Bogan,666076768130,provider,GENERAL PRACTICE
909507205873,Dr. Shirl Ankunding,846940475326,provider,GENERAL PRACTICE
778974178079,Dr. Halley Runolfsson,575934490402,provider,GENERAL PRACTICE
159771253507,Dr. Yadira Block,624163155084,provider,GENERAL PRACTICE
336531569215,Dr. Shu Bahringer,176275884861,provider,GENERAL PRACTICE
359937378306,Dr. Danyelle Heller,956035639390,provider,GENERAL PRACTICE
381197388554,Dr. Marcell Fritsch,400930307583,provider,GENERAL PRACTICE
797926549647,Dr. Tony Hodkiewicz,953961556546,provider,GENERAL PRACTICE
331418112920,Dr. Virgie Aufderhar,657632359544,provider,GENERAL PRACTICE
844919775829,Dr. Yolanda Valdés,999742399159,provider,GENERAL PRACTICE
865081835686,Dr. Carmen Johnson,837920812392,provider,GENERAL PRACTICE
511299902674,Dr. Emeline Christiansen,614822594180,provider,GENERAL PRACTICE
798176877197,Dr. Sancho Rodríguez,795699196437,provider,GENERAL PRACTICE
355496964634,Dr. Kristina Walsh,243100849254,provider,GENERAL PRACTICE
117101870898,Dr. Kesha Zulauf,115232899212,provider,GENERAL PRACTICE
424737617546,Dr. Kandi Connelly,523654441802,provider,GENERAL PRACTICE
576419208743,Dr. Beau MacGyver,112095388416,provider,GENERAL PRACTICE
703361790303,Dr. Dulce Braun,168617598325,provider,GENERAL PRACTICE
164038989561,Dr. Ashley Hirthe,624620220944,provider,GENERAL PRACTICE
770001372670,Dr. Lilia Fadel,298506768128,provider,GENERAL PRACTICE
397678148825,Dr. Grace O'Kon,550194949278,provider,GENERAL PRACTICE
450624541398,Dr. Alleen Anderson,244085106463,provider,GENERAL PRACTICE
860528260315,Dr. Leana Cartwright,387640307839,provider,GENERAL PRACTICE
227524536417,Dr. Dalton Rippin,507438970183,provider,GENERAL PRACTICE
195900318298,Dr. Leida Durgan,579557237667,provider,GENERAL PRACTICE
939742105145,Dr. Ruby Stamm,959643662197,provider,GENERAL PRACTICE
239633465615,Dr. Freddie Bogisich,265686191195,provider,GENERAL PRACTICE
383963610413,Dr. Franklin Bayer,116428841397,provider,GENERAL PRACTICE
119018431748,Dr. Jacquetta Swaniawski,545650966700,provider,GENERAL PRACTICE
491394124905,Dr. Tanner Hackett,176608842698,provider,GENERAL PRACTICE
996321476859,Dr. Kyoko Jacobi,172273441572,provider,GENERAL PRACTICE
996275440959,Dr. Ivan Waters,976161662830,provider,GENERAL PRACTICE
494048830622,Dr. Isaias Watsica,700272112132,provider,GENERAL PRACTICE
957346346981,Dr. Sid Ward,361109206437,provider,GENERAL PRACTICE
228567716596,Dr. Joellen Brekke,617970703866,provider,GENERAL PRACTICE
125516970134,Dr. Ashlyn Walker,535207671787,provider,GENERAL PRACTICE
493946110445,Dr. Rubin Gerhold,638523284305,provider,GENERAL PRACTICE
664080339288,Dr. Felipe Dibbert,275037977664,provider,GENERAL PRACTICE
852227816885,Dr. Mark Boehm,392262260593,provider,GENERAL PRACTICE
475311394136,Dr. Karyl Bailey,593161897566,provider,GENERAL PRACTICE
458271163642,Dr. Cristy Parker,138751951929,provider,GENERAL PRACTICE
204108815171,Dr. Terri Nikolaus,698355208623,provider,GENERAL PRACTICE
801934717660,Dr. Rob Lindgren,117897713585,provider,GENERAL PRACTICE
919101598245,Dr. Johnnie Wolf,585788250788,provider,GENERAL PRACTICE
115109909784,Dr. Mohamed Berge,480560453437,provider,GENERAL PRACTICE
463879383097,Dr. Jocelyn Green,922638902364,provider,GENERAL PRACTICE
698793411163,Dr. Edgardo Rath,744391965287,provider,GENERAL PRACTICE
261559226782,Dr. Lon O'Kon,906840283098,provider,GENERAL PRACTICE
811365620101,Dr. Beverley Lind,473152803520,provider,GENERAL PRACTICE
458028459720,Dr. Svetlana Goyette,182726771818,provider,GENERAL PRACTICE
300534486104,Dr. Melania Smitham,514832923856,provider,GENERAL PRACTICE
444378303666,Dr. Neil Treutel,906830273753,provider,GENERAL PRACTICE
150123272714,Dr. Rueben Pfannerstill,334402217786,provider,GENERAL PRACTICE
193535187780,Dr. Efren Dibbert,212216802454,provider,GENERAL PRACTICE
664645982194,Dr. Temple Pagac,866243490070,provider,GENERAL PRACTICE
921249733191,Dr. Nigel O'Kon,915290315766,provider,GENERAL PRACTICE
812213931537,Dr. Mose Batz,643228299429,provider,GENERAL PRACTICE
549339840564,Dr. Gene Jast,692525795385,provider,GENERAL PRACTICE
998064800637,Dr. Ester Guzmán,823481731245,provider,GENERAL PRACTICE
150022222099,Dr. Amee Thompson,305229334941,provider,GENERAL PRACTICE
623165277041,Dr. Clemente Herman,918376948553,provider,GENERAL PRACTICE
625047927054,Dr. Louise Conn,608450278930,provider,GENERAL PRACTICE
275033475896,Dr. Erin Upton,528122379256,provider,GENERAL PRACTICE
590935383414,Dr. Brady Wuckert,341364435727,provider,GENERAL PRACTICE
429193581599,Dr. Cindy Fahey,183510655586,provider,GENERAL PRACTICE
357315329232,Dr. Exie Renner,541555244724,provider,GENERAL PRACTICE
856253225230,Dr. Nicolás Jiménez,493706793687,provider,GENERAL PRACTICE
649676135547,Dr. Vicente Kilback,226380969730,provider,GENERAL PRACTICE
859165254694,Dr. Marlys Beer,737243615054,provider,GENERAL PRACTICE
144113385426,Dr. Mckinley Heller,387396779518,provider,GENERAL PRACTICE
270704801023,Dr. Yolanda Bauch,819252199800,provider,GENERAL PRACTICE
949689196788,Dr. Collette Walter,418952989760,provider,GENERAL PRACTICE
262927744610,Dr. Maximina Daniel,135669206348,provider,GENERAL PRACTICE
229917145188,Dr. Marvin Haley,156879338767,provider,GENERAL PRACTICE
564142748146,Dr. Kim Zieme,954319822282,provider,GENERAL PRACTICE
706333496575,Dr. Maris Beatty,263860328531,provider,GENERAL PRACTICE
798590740363,Dr. Jamaal Langworth,917280985942,provider,GENERAL PRACTICE
708032292554,Dr. Hue Osinski,361902881972,provider,GENERAL PRACTICE
759997450445,Dr. Cathern Wilderman,433955914394,provider,GENERAL PRACTICE
502060864219,Dr. Loyd Kutch,462870553914,provider,GENERAL PRACTICE
655719138483,Dr. Sondra Botsford,198175957685,provider,GENERAL PRACTICE
781039551696,Dr. Bettyann Cummings,772757215229,provider,GENERAL PRACTICE
313670879738,Dr. Bernice Lesch,838580367114,provider,GENERAL PRACTICE
745340785196,Dr. Winfred Kuhn,109858691013,provider,GENERAL PRACTICE
491775313650,Dr. Harry Balistreri,951166898254,provider,GENERAL PRACTICE
175243124334,Dr. Zofia Bosco,947290841707,provider,GENERAL PRACTICE
316228480173,Dr. Clifton Rohan,542642575256,provider,GENERAL PRACTICE
754201207679,Dr. Wilbur Koelpin,765649819855,provider,GENERAL PRACTICE
894770185707,Dr. Waylon Bradtke,379860229200,provider,GENERAL PRACTICE
903933980382,Dr. Riley Dicki,592214234665,provider,GENERAL PRACTICE
530781239461,Dr. Von Moore,485479368239,provider,GENERAL PRACTICE
510755681811,Dr. María Elena Rodarte,726433595250,provider,GENERAL PRACTICE
387499821802,Dr. Leon Mante,976706767496,provider,GENERAL PRACTICE
207212263238,Dr. Alejandro Carvajal,383632754619,provider,GENERAL PRACTICE
867591226142,Dr. Dorthy Trantow,532751346540,provider,GENERAL PRACTICE
967454266276,Dr. Chrystal Zemlak,106469416410,provider,GENERAL PRACTICE
441615341788,Dr. Gloria Jasso,468901204329,provider,GENERAL PRACTICE
589312979978,Dr. Bryce Kris,897692602727,provider,GENERAL PRACTICE
685561127399,Dr. Ivonne Okuneva,786869252699,provider,GENERAL PRACTICE
900724814366,Dr. Bernard Dickinson,382377202432,provider,GENERAL PRACTICE
239534221318,Dr. Yung Oberbrunner,147023651383,provider,GENERAL PRACTICE
948810361754,Dr. Esperanza King,268282460667,provider,GENERAL PRACTICE
611098390043,Dr. Yolanda O'Reilly,470845201716,provider,GENERAL PRACTICE
741114598411,Dr. Vivien Schneider,783379851535,provider,GENERAL PRACTICE
869544469041,Dr. Monroe Weimann,111725148117,provider,GENERAL PRACTICE
725929991563,Dr. Mel Medhurst,125340733365,provider,GENERAL PRACTICE
156341133534,Dr. Dione Heathcote,403846484008,provider,GENERAL PRACTICE
343255603914,Dr. Nicole Considine,957756148681,provider,GENERAL PRACTICE
826159293152,Dr. Danilo Corwin,428430741141,provider,GENERAL PRACTICE
744046893894,Dr. Babette Frami,749310402932,provider,GENERAL PRACTICE
287907213671,Dr. Alethia Williamson,537383908945,provider,GENERAL PRACTICE
181915929308,Dr. Sheila Kreiger,815217782551,provider,GENERAL PRACTICE
496807720254,Dr. Clayton Rolfson,551453878294,provider,GENERAL PRACTICE
439667586205,Dr. Tora Cassin,552760807540,provider,GENERAL PRACTICE
895544995364,Dr. Walker Wilkinson,428653973551,provider,GENERAL PRACTICE
124246102982,Dr. Alexa Renner,947382877097,provider,GENERAL PRACTICE
342311803910,Dr. Cathern Schmidt,170346519155,provider,GENERAL PRACTICE
322057939837,Dr. Long Morar,659979279336,provider,GENERAL PRACTICE
842449945409,Dr. Rosita Blanda,338616475226,provider,GENERAL PRACTICE
497187564698,Dr. Loris Bradtke,254689149228,provider,GENERAL PRACTICE
933187552991,Dr. Yanira Toy,210525641619,provider,GENERAL PRACTICE
648094736406,Dr. Johnnie Schinner,189945922540,provider,GENERAL PRACTICE
576837368522,Dr. Marcos Alanis,297234424587,provider,GENERAL PRACTICE
387214132567,Dr. Etha Littel,806531155584,provider,GENERAL PRACTICE
831284927071,Dr. Dominica Klein,935872345174,provider,GENERAL PRACTICE
795098250008,Dr. Mao Schiller,825005274215,provider,GENERAL PRACTICE
238077299284,Dr. Mitzie Rau,276035812109,provider,GENERAL PRACTICE
953822492362,Dr. Cortez Bergstrom,100678398579,provider,GENERAL PRACTICE
467462224139,Dr. Toby Lind,221824543634,provider,GENERAL PRACTICE
621047261124,Dr. Rosalyn Ernser,640890575423,provider,GENERAL PRACTICE
305239717019,Dr. Adriene Doyle,401349242980,provider,GENERAL PRACTICE
563370814687,Dr. Chantell Weimann,306858276809,provider,GENERAL PRACTICE
513678292082,Dr. Eldon Graham,338783872621,provider,GENERAL PRACTICE
920790132538,Dr. Issac Mraz,199574562279,provider,GENERAL PRACTICE
194667245208,Dr. Carlos Schaden,138249327411,provider,GENERAL PRACTICE
953665223846,Dr. Ahmed Hoeger,196003349025,provider,GENERAL PRACTICE
129926358773,Dr. Stefania Leffler,812556253715,provider,GENERAL PRACTICE
756039569255,Dr. Nannette Harber,511970811275,provider,GENERAL PRACTICE
762487535264,Dr. Arlean Hahn,403372607762,provider,GENERAL PRACTICE
393025649361,Dr. Freddy Considine,681548778653,provider,GENERAL PRACTICE
707765154730,Dr. Shameka Aufderhar,577768452091,provider,GENERAL PRACTICE
856175589960,Dr. Patricio Borrego,128006425450,provider,GENERAL PRACTICE
169532709996,Dr. Harry Shields,653573491064,provider,GENERAL PRACTICE
420970877202,Dr. Terence Hilll,568591973365,provider,GENERAL PRACTICE
306742834882,Dr. Shelba Beer,787994465012,provider,GENERAL PRACTICE
598189400522,Dr. Russell Hettinger,860028502369,provider,GENERAL PRACTICE
417615876743,Dr. Brant Reichel,815194588657,provider,GENERAL PRACTICE
479913729679,Dr. Paola Boehm,481833459516,provider,GENERAL PRACTICE
456859181599,Dr. Gloria Cruz,503101497951,provider,GENERAL PRACTICE
561242679973,Dr. Buffy Hagenes,663517186542,provider,GENERAL PRACTICE
280440487446,Dr. Lizzie O'Connell,854243478059,provider,GENERAL PRACTICE
459035904487,Dr. Lizette Jenkins,757866227762,provider,GENERAL PRACTICE
216324993896,Dr. Mauro Bernier,832065904127,provider,GENERAL PRACTICE
508312817442,Dr. Larry Ferry,188415186574,provider,GENERAL PRACTICE
728605517454,Dr. Quinton Kemmer,988771137850,provider,GENERAL PRACTICE
701820677280,Dr. Selina McKenzie,397668427885,provider,GENERAL PRACTICE
295715416686,Dr. Gail Grant,552849483871,provider,GENERAL PRACTICE
883016128233,Dr. Mervin Keeling,370154861257,provider,GENERAL PRACTICE
703891747728,Dr. Emanuel Lebsack,802002238802,provider,GENERAL PRACTICE
712045305610,Dr. Joslyn Lynch,892544777841,provider,GENERAL PRACTICE
154705406038,Dr. Ellie Tromp,239032234087,provider,GENERAL PRACTICE
917240646212,Dr. Patria Labadie,544878295025,provider,GENERAL PRACTICE
649503827712,Dr. Babette Kub,417548572892,provider,GENERAL PRACTICE
398319340089,Dr. Wesley Hudson,673170961192,provider,GENERAL PRACTICE
289747946579,Dr. Janette Fisher,332332222136,provider,GENERAL PRACTICE
230602482171,Dr. Nancee Herman,657281311111,provider,GENERAL PRACTICE
509401401227,Dr. Alix Lynch,463760431005,provider,GENERAL PRACTICE
229979358019,Dr. Hector Ondricka,132942934632,provider,GENERAL PRACTICE
191886105578,Dr. Cristobal Delapaz,361174118553,provider,GENERAL PRACTICE
930237287260,Dr. Elvira Altenwerth,798714564819,provider,GENERAL PRACTICE
143482159144,Dr. Larisa Mertz,423399543821,provider,GENERAL PRACTICE
370160504259,Dr. Pablo Portillo,323798967036,provider,GENERAL PRACTICE
876361866370,Dr. Sabrina Toy,711669438346,provider,GENERAL PRACTICE
847139377476,Dr. Bee Koelpin,249618309109,provider,GENERAL PRACTICE
769909553977,Dr. Terese Marquardt,856710610869,provider,GENERAL PRACTICE
606665741410,Dr. Refugio Herman,980433215228,provider,GENERAL PRACTICE
386691144795,Dr. Isaiah Weissnat,753711410820,provider,GENERAL PRACTICE
387199832075,Dr. Chuck Steuber,357426826309,provider,GENERAL PRACTICE
581136746260,Dr. Suzie Rutherford,282831628186,provider,GENERAL PRACTICE
416814976500,Dr. Jaye Mohr,257389584165,provider,GENERAL PRACTICE
690219779737,Dr. Diana Rosales,190477294596,provider,GENERAL PRACTICE
315544677437,Dr. Pasquale Sanford,172905374336,provider,GENERAL PRACTICE
141157699951,Dr. Sal Tremblay,373073648906,provider,GENERAL PRACTICE
318644708507,Dr. Galina Marquardt,879989552743,provider,GENERAL PRACTICE
404016785668,Dr. Destiny Harber,630067850065,provider,GENERAL PRACTICE
630440895766,Dr. Reed Jenkins,100759910214,provider,GENERAL PRACTICE
632960650544,Dr. Obdulia Lubowitz,731370720763,provider,GENERAL PRACTICE
853525234633,Dr. Blair Tromp,772502419943,provider,GENERAL PRACTICE
411111371263,Dr. Dion Klein,654586195378,provider,GENERAL PRACTICE
672488111494,Dr. Seth Wintheiser,780861147706,provider,GENERAL PRACTICE
607932376184,Dr. Hector Hermiston,114796445894,provider,GENERAL PRACTICE
194969659623,Dr. Eliseo Morissette,262184326978,provider,GENERAL PRACTICE
737834412916,Dr. Bobbie O'Hara,241072631745,provider,GENERAL PRACTICE
802668127835,Dr. Nestor Klocko,614475607324,provider,GENERAL PRACTICE
982186548173,Dr. Vicki Towne,605623896672,provider,GENERAL PRACTICE
758014473395,Dr. Catherin Brakus,221230853330,provider,GENERAL PRACTICE
485474831854,Dr. Rosalie Morar,417066266936,provider,GENERAL PRACTICE
835239356899,Dr. Ellan Jacobi,849797465349,provider,GENERAL PRACTICE
770375370043,Dr. Rosalie Streich,122470927275,provider,GENERAL PRACTICE
853743897315,Dr. Jackie Kozey,695208532475,provider,GENERAL PRACTICE
198863474917,Dr. Kristofer Runolfsdottir,419064578834,provider,GENERAL PRACTICE
816878863652,Dr. Irene Prosacco,309056380580,provider,GENERAL PRACTICE
195540433148,Dr. Rosette Bruen,917210616002,provider,GENERAL PRACTICE
644886582156,Dr. Arlena Conn,188928238910,provider,GENERAL PRACTICE
476251321059,Dr. Bea Altenwerth,374172969571,provider,GENERAL PRACTICE
105966984518,Dr. Elroy Bartell,477204981671,provider,GENERAL PRACTICE
457111679935,Dr. Rosalie Nikolaus,830925641497,provider,GENERAL PRACTICE
428639258182,Dr. Cristie Stroman,631600763030,provider,GENERAL PRACTICE
772265867704,Dr. Antone Purdy,793189147493,provider,GENERAL PRACTICE
360200828258,Dr. Weldon Veum,706092805378,provider,GENERAL PRACTICE
773504821182,Dr. Katrice Kunde,256823602751,provider,GENERAL PRACTICE
365686397880,Dr. Houston Schiller,133323243332,provider,GENERAL PRACTICE
281354905518,Dr. Danny Carroll,621281643466,provider,GENERAL PRACTICE
303359837390,Dr. Lindsey Stark,701178315328,provider,GENERAL PRACTICE
435499640124,Dr. Antwan Harris,991770241465,provider,GENERAL PRACTICE
467656983446,Dr. Kirsten Steuber,969178945739,provider,GENERAL PRACTICE
776665863654,Dr. Dewayne Kuhic,837517861252,provider,GENERAL PRACTICE
269280406274,Dr. William Toy,805614951999,provider,GENERAL PRACTICE
107389304396,Dr. Saturnina Treutel,590838835296,provider,GENERAL PRACTICE
540770230821,Dr. Earline Schinner,961891543323,provider,GENERAL PRACTICE
159548953119,Dr. Mack Beahan,385472178323,provider,GENERAL PRACTICE
219881911654,Dr. Christeen Kunze,172116145073,provider,GENERAL PRACTICE
666224330529,Dr. James Mills,497662879755,provider,GENERAL PRACTICE
496525313753,Dr. Wanetta Fritsch,159138329585,provider,GENERAL PRACTICE
822465959172,Dr. Edgar Corwin,325651492891,provider,GENERAL PRACTICE
500592423247,Dr. Roslyn Mayert,608347299562,provider,GENERAL PRACTICE
140928462086,Dr. Davina Cole,456726872373,provider,GENERAL PRACTICE
685648665031,Dr. Joyce Schaden,218661488111,provider,GENERAL PRACTICE
357302725029,Dr. Willy Hackett,671059476481,provider,GENERAL PRACTICE
665856641753,Dr. Maudie Von,200803975406,provider,GENERAL PRACTICE
222283473736,Dr. Dallas Fritsch,405382717895,provider,GENERAL PRACTICE
890056252481,Dr. Michael Wunsch,918764882083,provider,GENERAL PRACTICE
883513543650,Dr. Deane Nader,369243325766,provider,GENERAL PRACTICE
847086371124,Dr. Hung Gaylord,749841973678,provider,GENERAL PRACTICE
287892781987,Dr. Rusty Reinger,428012442921,provider,GENERAL PRACTICE
441500427069,Dr. Deb Schroeder,621034552906,provider,GENERAL PRACTICE
208175468640,Dr. Lamonica Kshlerin,775330741844,provider,GENERAL PRACTICE
360598975215,Dr. Jude Padberg,426577487469,provider,GENERAL PRACTICE
621086323612,Dr. Chung Schimmel,486926359624,provider,GENERAL PRACTICE
934708490650,Dr. Theo Jacobi,836453522840,provider,GENERAL PRACTICE
666069841705,Dr. Fritz Ankunding,809058362329,provider,GENERAL PRACTICE
138459343839,Dr. Ian D'Amore,953440249073,provider,GENERAL PRACTICE
583698531054,Dr. Tiffani Hansen,594260563678,provider,GENERAL PRACTICE
400214902295,Dr. Angela Crona,818895418373,provider,GENERAL PRACTICE
523574693084,Dr. Marty Gutkowski,610480148524,provider,GENERAL PRACTICE
313612973437,Dr. Merrill Wilderman,517957124840,provider,GENERAL PRACTICE
130238873816,Dr. Sierra Kihn,718337482632,provider,GENERAL PRACTICE
441072787440,Dr. Cherrie Wunsch,487211705178,provider,GENERAL PRACTICE
223199871690,Dr. Saran Luettgen,192605995631,provider,GENERAL PRACTICE
136201879648,Dr. Laquita Franecki,938376217209,provider,GENERAL PRACTICE
276171251335,Dr. Jaime Barajas,173422311979,provider,GENERAL PRACTICE
216826365104,Dr. Phung Nienow,463068953838,provider,GENERAL PRACTICE
996120583458,Dr. Lynelle Stehr,483968197376,provider,GENERAL PRACTICE
463944255847,Dr. Lashanda Dibbert,358679366558,provider,GENERAL PRACTICE
701516279622,Dr. Aida D'Amore,272613956593,provider,GENERAL PRACTICE
906992933409,Dr. Viola Batz,588199333167,provider,GENERAL PRACTICE
796438110393,Dr. Nolan Lesch,314785845274,provider,GENERAL PRACTICE
450480949312,Dr. Alena Larson,439382712488,provider,GENERAL PRACTICE
504211883863,Dr. Caridad Aragón,462562615536,provider,GENERAL PRACTICE
435418409362,Dr. Broderick Fay,161037520081,provider,GENERAL PRACTICE
334371299001,Dr. Lilla Lockman,795852754049,provider,GENERAL PRACTICE
382188646479,Dr. Robby Green,703412949881,provider,GENERAL PRACTICE
642133298389,Dr. Fernande Franecki,491331477882,provider,GENERAL PRACTICE
427338380443,Dr. Molly Jast,683188234212,provider,GENERAL PRACTICE
549746680423,Dr. Vito Blanda,959180600137,provider,GENERAL PRACTICE
323630141134,Dr. Versie Flatley,727432231557,provider,GENERAL PRACTICE
598109469049,Dr. Cristie Spinka,451859919056,provider,GENERAL PRACTICE
238122833301,Dr. Babara Abshire,436043185151,provider,GENERAL PRACTICE
925662437581,Dr. Mateo Tovar,683113801687,provider,GENERAL PRACTICE
302345772937,Dr. Jamie Balistreri,481091260044,provider,GENERAL PRACTICE
300115949170,Dr. Jacquetta Casper,487952923859,provider,GENERAL PRACTICE
233342483998,Dr. Brigitte Gleichner,463220159480,provider,GENERAL PRACTICE
443464547974,Dr. Haywood Rice,637927504896,provider,GENERAL PRACTICE
721942792335,Dr. Lorenzo Medina,904278431966,provider,GENERAL PRACTICE
223488354567,Dr. Josiah Cremin,873968516784,provider,GENERAL PRACTICE
603275783353,Dr. Justin Tillman,962766629269,provider,GENERAL PRACTICE
370569472006,Dr. Nicole Schneider,809527256360,provider,GENERAL PRACTICE
814769363433,Dr. Kieth Maggio,903219366657,provider,GENERAL PRACTICE
277453137699,Dr. Raymundo Douglas,473938775840,provider,GENERAL PRACTICE
327351803132,Dr. Dinah Schaefer,776580671281,provider,GENERAL PRACTICE
231360927958,Dr. Khadijah Breitenberg,595409821708,provider,GENERAL PRACTICE
496858566321,Dr. Gladis Doyle,608643936541,provider,GENERAL PRACTICE
518176624262,Dr. Lynn Goodwin,330325125463,provider,GENERAL PRACTICE
831729468262,Dr. Delfina Dach,346250862911,provider,GENERAL PRACTICE
702316383787,Dr. Armando Lehner,485109774640,provider,GENERAL PRACTICE
277563377011,Dr. Barry Okuneva,232637322955,provider,GENERAL PRACTICE
582142655045,Dr. Ivette Spencer,797086309845,provider,GENERAL PRACTICE
292648494985,Dr. Tory Turner,876301467072,provider,GENERAL PRACTICE
296798546010,Dr. Sharonda Conn,508533241567,provider,GENERAL PRACTICE
107298710552,Dr. Shayne Homenick,852503701175,provider,GENERAL PRACTICE
640356170208,Dr. Ward Mueller,500789872608,provider,GENERAL PRACTICE
469836254560,Dr. Lorene Schuppe,363093869142,provider,GENERAL PRACTICE
698518351949,Dr. George Herman,226812975385,provider,GENERAL PRACTICE
850147459909,Dr. Hayden Huels,722293269898,provider,GENERAL PRACTICE
848073379028,Dr. Antione Metz,832083324239,provider,GENERAL PRACTICE
297838663476,Dr. Bernard Carter,664821772107,provider,GENERAL PRACTICE
463099762788,Dr. Olimpia Spinka,391474741344,provider,GENERAL PRACTICE
878080282188,Dr. Carina Pfeffer,307238245330,provider,GENERAL PRACTICE
443662920381,Dr. Antony Hyatt,692379587452,provider,GENERAL PRACTICE
373059107054,Dr. Lawrence Ratke,387094586012,provider,GENERAL PRACTICE
158340423619,Dr. Trinidad Miller,708673702644,provider,GENERAL PRACTICE
414755788704,Dr. Marinda Leffler,840110586098,provider,GENERAL PRACTICE
881459570445,Dr. Boris Lynch,867083608765,provider,GENERAL PRACTICE
945986800700,Dr. Lindsay Gottlieb,845420245366,provider,GENERAL PRACTICE
543036690253,Dr. Arlene Jakubowski,428901729252,provider,GENERAL PRACTICE
123381210981,Dr. Kathe Rodriguez,286405486322,provider,GENERAL PRACTICE
302942266058,Dr. Carey Halvorson,768256138862,provider,GENERAL PRACTICE
230493905817,Dr. Samuel Arenas,762356336668,provider,GENERAL PRACTICE
867019162088,Dr. Theo Schowalter,629109997029,provider,GENERAL PRACTICE
955435584419,Dr. Elmer Douglas,902000838821,provider,GENERAL PRACTICE
837322822323,Dr. Dot Nikolaus,270993580255,provider,GENERAL PRACTICE
926907976148,Dr. Mack Abernathy,253209395838,provider,GENERAL PRACTICE
630920435469,Dr. Sidney Hayes,916171496766,provider,GENERAL PRACTICE
336535716085,Dr. Rolf Jerde,370976617500,provider,GENERAL PRACTICE
558720477403,Dr. Dante Green,167002822606,provider,GENERAL PRACTICE
211807487771,Dr. Robbie Hilpert,915317283027,provider,GENERAL PRACTICE
984734861633,Dr. Samira Anderson,662374122802,provider,GENERAL PRACTICE
339618654435,Dr. Hernán Leiva,527811714399,provider,GENERAL PRACTICE
954183741889,Dr. Alejandro Schroeder,328324820636,provider,GENERAL PRACTICE
907292893300,Dr. Cameron Wilkinson,583379655406,provider,GENERAL PRACTICE
668749149748,Dr. Rickie Johns,214015875626,provider,GENERAL PRACTICE
274856875171,Dr. Lino Altenwerth,509125870185,provider,GENERAL PRACTICE
890012676057,Dr. Brooks Emmerich,147779513230,provider,GENERAL PRACTICE
948816134569,Dr. Will Heller,161634155714,provider,GENERAL PRACTICE
332411521610,Dr. Inés Llamas,894430229042,provider,GENERAL PRACTICE
656697364634,Dr. Damien Marquardt,994343608900,provider,GENERAL PRACTICE
489155788896,Dr. Audie Kuhlman,232569641919,provider,GENERAL PRACTICE
334119205666,Dr. Salvatore Cruickshank,270557735778,provider,GENERAL PRACTICE
539004479079,Dr. Archie Lynch,916257860837,provider,GENERAL PRACTICE
291915571059,Dr. Harrison Terry,209291670471,provider,GENERAL PRACTICE
449298735904,Dr. Valeri Rosenbaum,376481607093,provider,GENERAL PRACTICE
222630247663,Dr. Donnell Lehner,838906248796,provider,GENERAL PRACTICE
772780980210,Dr. Lakeesha Barton,873025753217,provider,GENERAL PRACTICE
721127881777,Dr. Vickey Sipes,175594808797,provider,GENERAL PRACTICE
529938971162,Dr. Pearle Gleason,105366113151,provider,GENERAL PRACTICE
246754966228,Dr. Maricela Baumbach,815896867527,provider,GENERAL PRACTICE
713239726970,Dr. Iola DuBuque,990931676185,provider,GENERAL PRACTICE
840962242026,Dr. Harris Funk,508173619023,provider,GENERAL PRACTICE
890856689721,Dr. Suanne Denesik,874623580863,provider,GENERAL PRACTICE
324038741935,Dr. Norah Torphy,940321593336,provider,GENERAL PRACTICE
671280902535,Dr. Suzann Price,758955501217,provider,GENERAL PRACTICE
515240977808,Dr. Marcel Hirthe,140116980746,provider,GENERAL PRACTICE
966182328029,Dr. Bettye Mayer,363215634887,provider,GENERAL PRACTICE
414554498417,Dr. Monika Schimmel,381178451633,provider,GENERAL PRACTICE
196132292357,Dr. Sindy Kohler,972428513425,provider,GENERAL PRACTICE
298524283048,Dr. Myrtis Nitzsche,493949547944,provider,GENERAL PRACTICE
286711276425,Dr. Nathanael Sanford,400872261406,provider,GENERAL PRACTICE
557420179971,Dr. Sindy Ernser,416175493291,provider,GENERAL PRACTICE
888622255021,Dr. Nellie Rogahn,877683336230,provider,GENERAL PRACTICE
632596565782,Dr. Shantell Weimann,690304471003,provider,GENERAL PRACTICE
420036728039,Dr. Cesar Goodwin,654578566655,provider,GENERAL PRACTICE
405789163114,Dr. Refugia Collins,481930994064,provider,GENERAL PRACTICE
174317900017,Dr. Barrett Wiza,108288363821,provider,GENERAL PRACTICE
875243153754,Dr. Tiny Baumbach,424347375080,provider,GENERAL PRACTICE
121293379738,Dr. Jaime Elizondo,781462856471,provider,GENERAL PRACTICE
521424703825,Dr. Manual Ondricka,749737562135,provider,GENERAL PRACTICE
628929680457,Dr. Joline Legros,305097974746,provider,GENERAL PRACTICE
722422485985,Dr. Ian Mayer,448403619726,provider,GENERAL PRACTICE
164185559718,Dr. Keri Barton,132906994050,provider,GENERAL PRACTICE
778823958207,Dr. Roselle Bins,960706152090,provider,GENERAL PRACTICE
421343670342,Dr. Ima Gusikowski,351835405464,provider,GENERAL PRACTICE
246951906998,Dr. Erich Pacocha,391772659869,provider,GENERAL PRACTICE
310693140414,Dr. Maryjane Hills,389680432258,provider,GENERAL PRACTICE
190012133624,Dr. Waltraud Lehner,292680733573,provider,GENERAL PRACTICE
369852777195,Dr. Rickey Greenfelder,150216829475,provider,GENERAL PRACTICE
600774156318,Dr. Casey Rath,308534305003,provider,GENERAL PRACTICE
771867207830,Dr. Avis Franecki,931910734743,provider,GENERAL PRACTICE
358358239863,Dr. Frederica O'Keefe,577954744589,provider,GENERAL PRACTICE
335207847844,Dr. Douglas Fadel,786982191676,provider,GENERAL PRACTICE
155581614971,Dr. Andrea Kautzer,264538122227,provider,GENERAL PRACTICE
696580275541,Dr. Racquel Kuvalis,190153742318,provider,GENERAL PRACTICE
846083695362,Dr. Alexa Casper,674356829777,provider,GENERAL PRACTICE
464089413725,Dr. Lovella Kulas,216703173709,provider,GENERAL PRACTICE
661465136603,Dr. Marvin Weber,381386840745,provider,GENERAL PRACTICE
590176447077,Dr. Armandina Gutkowski,225078337701,provider,GENERAL PRACTICE
772161126139,Dr. Brian Kreiger,957306167083,provider,GENERAL PRACTICE
952800426788,Dr. Bebe Leffler,366066998673,provider,GENERAL PRACTICE
852568154407,Dr. Richie Rowe,522851269281,provider,GENERAL PRACTICE
896282252529,Dr. Terrell Boyer,979374329857,provider,GENERAL PRACTICE
785040843475,Dr. Isreal Jacobson,618540109553,provider,GENERAL PRACTICE
161373196471,Dr. Mark Stoltenberg,975897123882,provider,GENERAL PRACTICE
402655268813,Dr. Gwyneth Nienow,988145769820,provider,GENERAL PRACTICE
945211195760,Dr. Tifany Batz,578652337268,provider,GENERAL PRACTICE
818210925147,Dr. Shauna Bayer,938451329205,provider,GENERAL PRACTICE
787544203450,Dr. Nita Cummings,416011408646,provider,GENERAL PRACTICE
913364893295,Dr. Gerald O'Connell,477726184885,provider,GENERAL PRACTICE
335030505287,Dr. Felix Berge,250951325491,provider,GENERAL PRACTICE
107805467813,Dr. Shelly Bergstrom,501617442764,provider,GENERAL PRACTICE
794924945620,Dr. Marin Heathcote,644193883970,provider,GENERAL PRACTICE
852170277522,Dr. Tanesha Schumm,792045491272,provider,GENERAL PRACTICE
528300429099,Dr. Starla Schulist,251080696637,provider,GENERAL PRACTICE
832383360159,Dr. Herb Thiel,570379518787,provider,GENERAL PRACTICE
305271596482,Dr. Curt Torphy,328188275954,provider,GENERAL PRACTICE
521535293069,Dr. Marco Kunze,628410716526,provider,GENERAL PRACTICE
743602502677,Dr. Trina Walsh,549279379775,provider,GENERAL PRACTICE
386095420176,Dr. Wesley Jerde,631509129105,provider,GENERAL PRACTICE
520574769216,Dr. Cherelle Lindgren,218341317415,provider,GENERAL PRACTICE
944336237434,Dr. Amado Halvorson,327881715243,provider,GENERAL PRACTICE
972627874848,Dr. Loise Walter,121113238211,provider,GENERAL PRACTICE
699530444300,Dr. Laquanda Anderson,264963868401,provider,GENERAL PRACTICE
144141690053,Dr. Bernetta Flatley,101778630696,provider,GENERAL PRACTICE
708962631223,Dr. Karl Huels,644420485689,provider,GENERAL PRACTICE
601730170814,Dr. Anisha Schaden,683960758620,provider,GENERAL PRACTICE
435398394820,Dr. Herschel Mayert,698814466382,provider,GENERAL PRACTICE
519260433346,Dr. Pablo Delarosa,157809215777,provider,GENERAL PRACTICE
231569843556,Dr. Omer Wisoky,940579662064,provider,GENERAL PRACTICE
787031908056,Dr. Emmett Ullrich,448641388962,provider,GENERAL PRACTICE
818940100749,Dr. Mikaela Upton,138269786362,provider,GENERAL PRACTICE
857272388277,Dr. Kay Bode,321385119355,provider,GENERAL PRACTICE
820989796392,Dr. Vince Harris,787399867106,provider,GENERAL PRACTICE
251623110823,Dr. Brock Klocko,927147908812,provider,GENERAL PRACTICE
264759602601,Dr. Marry DuBuque,114830596226,provider,GENERAL PRACTICE
866400948610,Dr. Doreatha Dickens,206016807450,provider,GENERAL PRACTICE
819418879615,Dr. Randolph Schmidt,255697532273,provider,GENERAL PRACTICE
224417519508,Dr. Arline Mitchell,810420451370,provider,GENERAL PRACTICE
985327173910,Dr. Rebeca Solorio,108926883507,provider,GENERAL PRACTICE
637928689715,Dr. Jerrell Ward,658714174933,provider,GENERAL PRACTICE
417300587031,Dr. Desmond Blanda,299469366632,provider,GENERAL PRACTICE
170541650836,Dr. Herb Predovic,357813199694,provider,GENERAL PRACTICE
186240247991,Dr. Kenyetta Bogisich,195195747589,provider,GENERAL PRACTICE
719465793163,Dr. Maricarmen Roque,716287208426,provider,GENERAL PRACTICE
383933387712,Dr. Janiece Parker,282244980718,provider,GENERAL PRACTICE
677623947283,Dr. Patience Fay,215884953597,provider,GENERAL PRACTICE
151152607408,Dr. Noble Kautzer,145770796378,provider,GENERAL PRACTICE
801004396406,Dr. Lowell Beer,381516202923,provider,GENERAL PRACTICE
605618869763,Dr. Julia Dueñas,935430542128,provider,GENERAL PRACTICE
168330492689,Dr. Shelba Watsica,859532651677,provider,GENERAL PRACTICE
272987287079,Dr. Scot Rodriguez,597206898746,provider,GENERAL PRACTICE
781166947132,Dr. Kathrin Lehner,367031764372,provider,GENERAL PRACTICE
338518977942,Dr. Sherrill Bartoletti,964738370990,provider,GENERAL PRACTICE
725323417470,Dr. Cori Kovacek,805343869624,provider,GENERAL PRACTICE
392952929685,Dr. Pete Veum,995244149098,provider,GENERAL PRACTICE
824045825319,Dr. Drusilla Little,972361319777,provider,GENERAL PRACTICE
774774876198,Dr. Claudette Labadie,688779105884,provider,GENERAL PRACTICE
613196132539,Dr. Kristen Jacobi,887323180502,provider,GENERAL PRACTICE
195414605106,Dr. Laverne Treutel,284434701431,provider,GENERAL PRACTICE
843698298372,Dr. Elfriede Johnston,477294570369,provider,GENERAL PRACTICE
884529222752,Dr. Sigrid Ondricka,938260314509,provider,GENERAL PRACTICE
158278420563,Dr. Florence Dickens,935653177204,provider,GENERAL PRACTICE
720545974758,Dr. Melonie Gleason,267050541870,provider,GENERAL PRACTICE
316285937590,Dr. Johnie Hintz,873838390526,provider,GENERAL PRACTICE
644531907834,Dr. Oliver Nolan,163229566128,provider,GENERAL PRACTICE
294460836780,Dr. Reena Beatty,863899556412,provider,GENERAL PRACTICE
625173951668,Dr. Wilmer Rowe,517866721838,provider,GENERAL PRACTICE
980494690069,Dr. Alyse Weimann,903472534052,provider,GENERAL PRACTICE
222728880125,Dr. Loreta Cronin,609289206530,provider,GENERAL PRACTICE
553201648104,Dr. Shon Hoeger,117335764869,provider,GENERAL PRACTICE
830677749037,Dr. Jae Jacobson,209692726875,provider,GENERAL PRACTICE
348325313950,Dr. Edwardo Lemke,488340653565,provider,GENERAL PRACTICE
634273746738,Dr. Verona Collins,510464732810,provider,GENERAL PRACTICE
497318916635,Dr. Erlene Pouros,271351569126,provider,GENERAL PRACTICE
131158745712,Dr. Lashonda Fadel,192516583118,provider,GENERAL PRACTICE
530947979993,Dr. Henry Reichert,122413804869,provider,GENERAL PRACTICE
257323110373,Dr. Kasey Mertz,987441626184,provider,GENERAL PRACTICE
618189954855,Dr. Garland Kozey,333813394999,provider,GENERAL PRACTICE
932635138228,Dr. Rodrigo Hilll,972448524566,provider,GENERAL PRACTICE
866148275156,Dr. Cortez Weissnat,702278142342,provider,GENERAL PRACTICE
663232798922,Dr. Natasha Schinner,838550650000,provider,GENERAL PRACTICE
139067322594,Dr. Boyce Wunsch,792601898781,provider,GENERAL PRACTICE
350784898332,Dr. Muriel Swift,894793898523,provider,GENERAL PRACTICE
502704778674,Dr. Elias Kris,411395688428,provider,GENERAL PRACTICE
891827897060,Dr. Pete Lemke,268581177724,provider,GENERAL PRACTICE
468945667267,Dr. Sharyl King,616382849312,provider,GENERAL PRACTICE
993010788838,Dr. Alishia Ziemann,429262754637,provider,GENERAL PRACTICE
416589612446,Dr. Gordon Conroy,553973146058,provider,GENERAL PRACTICE
